{"loss": [0.6506330966949463, 0.42250877618789673, 0.3445582091808319, 0.24345290660858154, 0.2270052134990692, 0.19070188701152802, 0.19381867349147797, 0.11525654792785645, 0.13631793856620789, 0.06548939645290375, 0.06588515639305115, 0.09418418258428574, 0.06759689748287201, 0.12155996263027191, 0.07957198470830917, 0.03320137411355972], "accuracy": [0.7339218258857727, 0.8524590134620667, 0.8650693297386169, 0.9117276072502136, 0.9255989789962769, 0.9306431412696838, 0.9445145130157471, 0.9583858847618103, 0.9508196711540222, 0.9773013591766357, 0.9798234701156616, 0.9672130942344666, 0.9798234701156616, 0.9659520983695984, 0.9773013591766357, 0.9886506795883179], "val_loss": [1.7519371509552002, 0.9965260624885559, 0.4398283064365387, 2.6146719455718994, 0.4788432717323303, 1.1602580547332764, 0.1576979160308838, 0.14059926569461823, 0.14133048057556152, 0.1376100331544876, 0.9415572285652161, 0.7762768268585205, 0.3684828579425812, 0.7270116209983826, 0.253633588552475, 0.17533071339130402], "val_accuracy": [0.36936935782432556, 0.4864864945411682, 0.8738738894462585, 0.44144144654273987, 0.8558558821678162, 0.6666666865348816, 0.9279279112815857, 0.9729729890823364, 0.9639639854431152, 0.954954981803894, 0.8558558821678162, 0.8648648858070374, 0.9189189076423645, 0.7747747898101807, 0.9099099040031433, 0.9369369149208069], "lr": [0.0010000000474974513, 0.0010000000474974513, 0.0010000000474974513, 0.0010000000474974513, 0.0010000000474974513, 0.0010000000474974513, 0.0010000000474974513, 0.0010000000474974513, 0.0010000000474974513, 0.0010000000474974513, 0.0010000000474974513, 0.0010000000474974513, 0.0010000000474974513, 0.0010000000474974513, 0.00010000000474974513, 0.00010000000474974513]}